DATE,Energy_Consumption,TAVG,TMAX,TMIN,PRCP,Year_x,Real GDP (millions of chained 2017 dollars),Year_y,Total Employment (number of jobs),Month,Year,DayOfWeek,Energy_Consumption_Lag_1,Energy_Consumption_Lag_2,Energy_Consumption_Lag_3,Energy_Consumption_Lag_4,Energy_Consumption_Lag_5,Energy_Consumption_Lag_6,Energy_Consumption_Lag_7,Energy_Consumption_Lag_8,Energy_Consumption_Lag_9,Energy_Consumption_Lag_10,Energy_Consumption_Lag_11,Energy_Consumption_Lag_12,Energy_Consumption_Rolling_Mean
2023-03-01,-0.6465169232538396,1.8553391768482854,67.88675675729506,53.4846517141841,1.1932301202769309,2023,1.6140164618302515,2023-01-01 00:00:00,2.4623303936178744,3,2023,2,16154.09389,18182.38622,19223.82354,22940.58818,25018.2423,22347.58343,20282.41442,18378.73369,18560.06591,20044.01987,17716.48917,17658.39818,17913.222386666668
2023-02-01,-1.3756799677472653,0.9592711326516182,66.48785070802766,49.02092229293324,0.7174462382294358,2023,1.6140164618302515,2023-01-01 00:00:00,2.4623303936178744,2,2023,2,19403.18705,16154.09389,18182.38622,19223.82354,22940.58818,25018.2423,22347.58343,20282.41442,18378.73369,18560.06591,20044.01987,17716.48917,17633.495623333332
2023-01-01,-0.2917003747425389,1.905467424405569,69.97904658789543,50.21519122485757,-0.4930171413254184,2023,1.6140164618302515,2023-01-01 00:00:00,2.4623303936178744,1,2023,6,17343.20593,19403.18705,16154.09389,18182.38622,19223.82354,22940.58818,25018.2423,22347.58343,20282.41442,18378.73369,18560.06591,20044.01987,19050.661086666667
2022-12-01,-0.7268833417017033,1.4219152085372369,64.87406333200164,46.03034579740427,3.13310266394159,2022,1.3777496592791796,2022-01-01 00:00:00,1.6096890246026334,12,2022,3,20405.59028,17343.20593,19403.18705,16154.09389,18182.38622,19223.82354,22940.58818,25018.2423,22347.58343,20282.41442,18378.73369,18560.06591,18974.9792
2022-11-01,-1.142087274050138,1.224365601575873,67.86152521396475,45.66602420673685,1.693166192740095,2022,1.3777496592791796,2022-01-01 00:00:00,1.6096890246026334,11,2022,1,19176.14139,20405.59028,17343.20593,19403.18705,16154.09389,18182.38622,19223.82354,22940.58818,25018.2423,22347.58343,20282.41442,18378.73369,19194.955853333337
2022-10-01,0.12058183822218686,0.7312793978597317,69.3412645815498,50.444740517575134,2.165779221514577,2022,1.3777496592791796,2022-01-01 00:00:00,1.6096890246026334,10,2022,5,18003.13589,19176.14139,20405.59028,17343.20593,19403.18705,16154.09389,18182.38622,19223.82354,22940.58818,25018.2423,22347.58343,20282.41442,19583.206273333333
2022-09-01,1.690394757434243,1.4379724952572723,69.14711098373748,42.85061894985654,1.732023852274464,2022,1.3777496592791796,2022-01-01 00:00:00,1.6096890246026334,9,2022,3,21570.34154,18003.13589,19176.14139,20405.59028,17343.20593,19403.18705,16154.09389,18182.38622,19223.82354,22940.58818,25018.2423,22347.58343,21859.58203666667
2022-08-01,2.196624585619516,1.3451397335364697,67.17316311784784,47.60191140982717,2.270598280560057,2022,1.3777496592791796,2022-01-01 00:00:00,1.6096890246026334,8,2022,0,26005.26868,21570.34154,18003.13589,19176.14139,20405.59028,17343.20593,19403.18705,16154.09389,18182.38622,19223.82354,22940.58818,25018.2423,25003.681493333337
2022-07-01,1.047212837399874,0.6588360358395082,69.1750333453178,45.60708146767248,2.015357005217424,2022,1.3777496592791796,2022-01-01 00:00:00,1.6096890246026334,7,2022,4,27435.43426,26005.26868,21570.34154,18003.13589,19176.14139,20405.59028,17343.20593,19403.18705,16154.09389,18182.38622,19223.82354,22940.58818,25876.29948
2022-06-01,0.11860771737510006,2.0552606293334876,67.37803003598023,45.65259547283917,2.684126455421632,2022,1.3777496592791796,2022-01-01 00:00:00,1.6096890246026334,6,2022,2,24188.1955,27435.43426,26005.26868,21570.34154,18003.13589,19176.14139,20405.59028,17343.20593,19403.18705,16154.09389,18182.38622,19223.82354,24396.131383333337
2022-05-01,-0.8091679331485426,0.27850350922584205,67.69557221845801,46.92999578858961,2.7153579313289646,2022,1.3777496592791796,2022-01-01 00:00:00,1.6096890246026334,5,2022,6,21564.76439,24188.1955,27435.43426,26005.26868,21570.34154,18003.13589,19176.14139,20405.59028,17343.20593,19403.18705,16154.09389,18182.38622,21565.54551
2022-04-01,-1.0828443999726058,1.4115532595612013,66.38985270550671,47.839952563275496,1.8649840246404408,2022,1.3777496592791796,2022-01-01 00:00:00,1.6096890246026334,4,2022,4,18943.67664,21564.76439,24188.1955,27435.43426,26005.26868,21570.34154,18003.13589,19176.14139,20405.59028,17343.20593,19403.18705,16154.09389,19559.6486
2022-03-01,-0.5227623645524289,2.028008769103352,67.5646599615365,44.49658005222914,2.818711491682462,2022,1.3777496592791796,2022-01-01 00:00:00,1.6096890246026334,3,2022,1,18170.50477,18943.67664,21564.76439,24188.1955,27435.43426,26005.26868,21570.34154,18003.13589,19176.14139,20405.59028,17343.20593,19403.18705,18955.66376666667
2022-02-01,-1.6258582250957574,1.7798632034289121,67.36687430489232,48.18904788922876,2.191089606361712,2022,1.3777496592791796,2022-01-01 00:00:00,1.6096890246026334,2,2022,1,19752.80989,18170.50477,18943.67664,21564.76439,24188.1955,27435.43426,26005.26868,21570.34154,18003.13589,19176.14139,20405.59028,17343.20593,18186.578080000003
2022-01-01,-0.285734920394188,2.063516505314687,68.77317353647261,44.75291250791007,2.2756206588073,2022,1.3777496592791796,2022-01-01 00:00:00,1.6096890246026334,1,2022,5,16636.41958,19752.80989,18170.50477,18943.67664,21564.76439,24188.1955,27435.43426,26005.26868,21570.34154,18003.13589,19176.14139,20405.59028,18937.224313333336
2021-12-01,-0.4078840951320523,0.3514454110860932,70.36288649419316,46.173690049388405,0.8581937298050668,2021,1.3012284375798193,2021-01-01 00:00:00,0.4438572537996486,12,2021,2,20422.44347,16636.41958,19752.80989,18170.50477,18943.67664,21564.76439,24188.1955,27435.43426,26005.26868,21570.34154,18003.13589,19176.14139,19045.406366666666
2021-11-01,-0.8761226301507946,0.5654775233962942,67.19880978295456,45.686585588974765,2.5403351588935883,2021,1.3012284375798193,2021-01-01 00:00:00,0.4438572537996486,11,2021,0,20077.35605,20422.44347,16636.41958,19752.80989,18170.50477,18943.67664,21564.76439,24188.1955,27435.43426,26005.26868,21570.34154,18003.13589,19751.440123333334
2021-10-01,-0.20827742900287424,2.0767745312991694,69.79072279931383,47.16407300693425,2.0099376563608544,2021,1.3012284375798193,2021-01-01 00:00:00,0.4438572537996486,10,2021,4,18754.52085,20077.35605,20422.44347,16636.41958,19752.80989,18170.50477,18943.67664,21564.76439,24188.1955,27435.43426,26005.26868,21570.34154,19824.382643333334
2021-09-01,0.8417325746096979,0.07853657424201442,64.21879758974012,48.06048852675162,1.7704754499186477,2021,1.3012284375798193,2021-01-01 00:00:00,0.4438572537996486,9,2021,2,20641.27103,18754.52085,20077.35605,20422.44347,16636.41958,19752.80989,18170.50477,18943.67664,21564.76439,24188.1955,27435.43426,26005.26868,21001.159573333334
2021-08-01,1.6905348040374628,1.4521701490901044,64.03227803937094,45.538806288908354,1.535278003717076,2021,1.3012284375798193,2021-01-01 00:00:00,0.4438572537996486,8,2021,6,23607.68684,20641.27103,18754.52085,20077.35605,20422.44347,16636.41958,19752.80989,18170.50477,18943.67664,21564.76439,24188.1955,27435.43426,23418.2074
2021-07-01,1.712606279672351,0.016115151578377458,67.67140418402678,46.94780370158438,1.7368345392504465,2021,1.3012284375798193,2021-01-01 00:00:00,0.4438572537996486,7,2021,3,26005.66433,23607.68684,20641.27103,18754.52085,20077.35605,20422.44347,16636.41958,19752.80989,18170.50477,18943.67664,21564.76439,24188.1955,25227.123436666665
2021-06-01,0.41109555614161686,-0.03342755575614717,69.52018156107164,43.36363563108678,2.361581866004281,2021,1.3012284375798193,2021-01-01 00:00:00,0.4438572537996486,6,2021,1,26068.01914,26005.66433,23607.68684,20641.27103,18754.52085,20077.35605,20422.44347,16636.41958,19752.80989,18170.50477,18943.67664,21564.76439,24821.588106666666
2021-05-01,-0.9290501439816284,2.0380050966953545,62.42297774789075,45.32539285875937,1.7533159619424208,2021,1.3012284375798193,2021-01-01 00:00:00,0.4438572537996486,5,2021,5,22391.08085,26068.01914,26005.66433,23607.68684,20641.27103,18754.52085,20077.35605,20422.44347,16636.41958,19752.80989,18170.50477,18943.67664,22354.69789333333
2021-04-01,-2.0973298314321385,1.0883883696400853,64.19924320870567,47.28239523551606,2.396290070117994,2021,1.3012284375798193,2021-01-01 00:00:00,0.4438572537996486,4,2021,3,18604.99369,22391.08085,26068.01914,26005.66433,23607.68684,20641.27103,18754.52085,20077.35605,20422.44347,16636.41958,19752.80989,18170.50477,18766.841689999997
2021-03-01,-0.027800438640101826,0.9120281233922924,67.145277033457,46.706266715692216,2.4075187451780105,2021,1.3012284375798193,2021-01-01 00:00:00,0.4438572537996486,3,2021,0,15304.45053,18604.99369,22391.08085,26068.01914,26005.66433,23607.68684,20641.27103,18754.52085,20077.35605,20422.44347,16636.41958,19752.80989,18353.52879666667
2021-02-01,-1.8284856077879412,1.9756358557310885,65.43565021117442,45.30707198214317,2.457682535354976,2021,1.3012284375798193,2021-01-01 00:00:00,0.4438572537996486,2,2021,0,21151.14217,15304.45053,18604.99369,22391.08085,26068.01914,26005.66433,23607.68684,20641.27103,18754.52085,20077.35605,20422.44347,16636.41958,17506.521126666667
2021-01-01,-0.9380001112620563,0.8373928704475799,71.31319736541224,45.32502600799357,2.296620176080544,2021,1.3012284375798193,2021-01-01 00:00:00,0.4438572537996486,1,2021,4,16063.97068,21151.14217,15304.45053,18604.99369,22391.08085,26068.01914,26005.66433,23607.68684,20641.27103,18754.52085,20077.35605,20422.44347,18598.27390333333
2020-12-01,0.17580128825113228,1.2836661352787986,65.64434985154618,47.64342563061446,1.9945462730591648,2020,0.5062234595312721,2020-01-01 00:00:00,-0.22202834707662045,12,2020,1,18579.70886,16063.97068,21151.14217,15304.45053,18604.99369,22391.08085,26068.01914,26005.66433,23607.68684,20641.27103,18754.52085,20077.35605,18790.007753333335
2020-11-01,-1.5949625073238713,1.0591381246296265,70.14618261596237,46.05093173309682,2.563618835001196,2020,0.5062234595312721,2020-01-01 00:00:00,-0.22202834707662045,11,2020,6,21726.34372,18579.70886,16063.97068,21151.14217,15304.45053,18604.99369,22391.08085,26068.01914,26005.66433,23607.68684,20641.27103,18754.52085,19009.918869999998
2020-10-01,0.8347554963750701,1.4568134218821014,67.80229406429231,46.58223046468526,1.835805182851736,2020,0.5062234595312721,2020-01-01 00:00:00,-0.22202834707662045,10,2020,3,16723.70403,21726.34372,18579.70886,16063.97068,21151.14217,15304.45053,18604.99369,22391.08085,26068.01914,26005.66433,23607.68684,20641.27103,20679.341143333335
2020-09-01,0.9718776192776806,0.9641922969759474,66.08013951786083,46.796708935657385,2.8415130007120264,2020,0.5062234595312721,2020-01-01 00:00:00,-0.22202834707662045,9,2020,1,23587.97568,16723.70403,21726.34372,18579.70886,16063.97068,21151.14217,15304.45053,18604.99369,22391.08085,26068.01914,26005.66433,23607.68684,21429.01445
2020-08-01,0.9812725570747469,1.6144070047716652,69.01765909804621,48.15382520038094,2.418938538317126,2020,0.5062234595312721,2020-01-01 00:00:00,-0.22202834707662045,8,2020,5,23975.36364,23587.97568,16723.70403,21726.34372,18579.70886,16063.97068,21151.14217,15304.45053,18604.99369,22391.08085,26068.01914,26005.66433,23855.08163
2020-07-01,1.723331725683699,0.5721722228346234,71.7203070484378,47.55546198990673,1.7671857586646516,2020,0.5062234595312721,2020-01-01 00:00:00,-0.22202834707662045,7,2020,2,24001.90557,23975.36364,23587.97568,16723.70403,21726.34372,18579.70886,16063.97068,21151.14217,15304.45053,18604.99369,22391.08085,26068.01914,24691.863046666665
2020-06-01,0.08147912756683766,0.7694021449451801,61.29463891788168,46.70491186241477,4.3692199944086365,2020,0.5062234595312721,2020-01-01 00:00:00,-0.22202834707662045,6,2020,0,26098.31993,24001.90557,23975.36364,23587.97568,16723.70403,21726.34372,18579.70886,16063.97068,21151.14217,15304.45053,18604.99369,22391.08085,23853.365586666667
2020-05-01,-0.8045602954826605,-0.593129776388441,63.23411321099005,51.539339191904574,4.129264256426573,2020,0.5062234595312721,2020-01-01 00:00:00,-0.22202834707662045,5,2020,4,21459.87126,26098.31993,24001.90557,23975.36364,23587.97568,16723.70403,21726.34372,18579.70886,16063.97068,21151.14217,15304.45053,18604.99369,22171.628336666665
2020-04-01,-1.5100899367696081,-0.021993501745137176,62.81656142455434,44.5157857213214,4.40374765044377,2020,0.5062234595312721,2020-01-01 00:00:00,-0.22202834707662045,4,2020,2,18956.69382,21459.87126,26098.31993,24001.90557,23975.36364,23587.97568,16723.70403,21726.34372,18579.70886,16063.97068,21151.14217,15304.45053,19126.68174666667
2020-03-01,-0.6706542181385197,0.8491124356737648,65.65071085876538,47.90639963122453,4.111887683343138,2020,0.5062234595312721,2020-01-01 00:00:00,-0.22202834707662045,3,2020,6,16963.48016,18956.69382,21459.87126,26098.31993,24001.90557,23975.36364,23587.97568,16723.70403,21726.34372,18579.70886,16063.97068,21151.14217,18418.390003333334
2020-02-01,-1.5737007569729327,1.3088728010466453,61.80120907323496,47.050979219277934,4.483369054605694,2020,0.5062234595312721,2020-01-01 00:00:00,-0.22202834707662045,2,2020,5,19334.99603,16963.48016,18956.69382,21459.87126,26098.31993,24001.90557,23975.36364,23587.97568,16723.70403,21726.34372,18579.70886,16063.97068,17694.082483333335
2020-01-01,-0.23624926465948065,1.0475245683373844,64.30071685844426,46.36596798676973,4.334759088872856,2020,0.5062234595312721,2020-01-01 00:00:00,-0.22202834707662045,1,2020,2,16783.77126,19334.99603,16963.48016,18956.69382,21459.87126,26098.31993,24001.90557,23975.36364,23587.97568,16723.70403,21726.34372,18579.70886,18893.67140666667
2019-12-01,0.07012607879975674,-0.8915699877051754,60.97167062513491,47.927488275358606,4.170563927833918,2019,0.6416212971903998,2019-01-01 00:00:00,0.6917276310409258,12,2019,6,20562.24693,16783.77126,19334.99603,16963.48016,18956.69382,21459.87126,26098.31993,24001.90557,23975.36364,23587.97568,16723.70403,21726.34372,19591.271866666666
2019-11-01,-1.4714954928108241,0.3919117641549991,61.50234822266047,48.17313901080056,4.255682461408821,2019,0.6416212971903998,2019-01-01 00:00:00,0.6917276310409258,11,2019,4,21427.79741,20562.24693,16783.77126,19334.99603,16963.48016,18956.69382,21459.87126,26098.31993,24001.90557,23975.36364,23587.97568,16723.70403,19687.519620000003
2019-10-01,0.31443574102523625,0.6709084196031339,63.99601608948368,45.76315758764308,4.690147882296455,2019,0.6416212971903998,2019-01-01 00:00:00,0.6917276310409258,10,2019,1,17072.51452,21427.79741,20562.24693,16783.77126,19334.99603,16963.48016,18956.69382,21459.87126,26098.31993,24001.90557,23975.36364,23587.97568,20206.105379999997
2019-09-01,0.6097934254747135,-0.653650650363995,64.2019105966192,47.06397055449244,4.704299981301277,2019,0.6416212971903998,2019-01-01 00:00:00,0.6917276310409258,9,2019,6,22118.00421,17072.51452,21427.79741,20562.24693,16783.77126,19334.99603,16963.48016,18956.69382,21459.87126,26098.31993,24001.90557,23975.36364,20714.31569666667
2019-08-01,1.6945366149289847,0.12937095604526985,67.65895044561815,44.71298008225757,5.25464558327853,2019,0.6416212971903998,2019-01-01 00:00:00,0.6917276310409258,8,2019,3,22952.42836,22118.00421,17072.51452,21427.79741,20562.24693,16783.77126,19334.99603,16963.48016,18956.69382,21459.87126,26098.31993,24001.90557,23695.80084666667
2019-07-01,1.264047458630911,-0.1063839454652113,69.39283412551971,44.30824557179714,4.459074249588356,2019,0.6416212971903998,2019-01-01 00:00:00,0.6917276310409258,7,2019,0,26016.96997,22952.42836,22118.00421,17072.51452,21427.79741,20562.24693,16783.77126,19334.99603,16963.48016,18956.69382,21459.87126,26098.31993,24590.060013333336
2019-06-01,-0.6270213352516733,-0.2777561130245196,65.63532169346958,42.00603086402483,4.707212325345074,2019,0.6416212971903998,2019-01-01 00:00:00,0.6917276310409258,6,2019,5,24800.78171,26016.96997,22952.42836,22118.00421,17072.51452,21427.79741,20562.24693,16783.77126,19334.99603,16963.48016,18956.69382,21459.87126,23425.338773333333
2019-05-01,-0.35823024188712665,-0.46493235664717303,65.32774553045705,43.40854682464592,3.95751495671079,2019,0.6416212971903998,2019-01-01 00:00:00,0.6917276310409258,5,2019,2,19458.26464,24800.78171,26016.96997,22952.42836,22118.00421,17072.51452,21427.79741,20562.24693,16783.77126,19334.99603,16963.48016,18956.69382,21492.227013333333
2019-04-01,-1.2022876683281085,-0.3456905039778594,66.1839351639958,45.36387962088473,3.403175370955793,2019,0.6416212971903998,2019-01-01 00:00:00,0.6917276310409258,4,2019,0,20217.63469,19458.26464,24800.78171,26016.96997,22952.42836,22118.00421,17072.51452,21427.79741,20562.24693,16783.77126,19334.99603,16963.48016,19169.65374
2019-03-01,-0.5890769036289328,0.35131491078608146,62.91369503762248,47.46559022930433,3.6508486052484175,2019,0.6416212971903998,2019-01-01 00:00:00,0.6917276310409258,3,2019,4,17833.06189,20217.63469,19458.26464,24800.78171,26016.96997,22952.42836,22118.00421,17072.51452,21427.79741,20562.24693,16783.77126,19334.99603,19205.386403333334
2019-02-01,-1.2110772996806696,-0.6983219999141352,63.52328766766649,47.68921889606282,4.177681433359113,2019,0.6416212971903998,2019-01-01 00:00:00,0.6917276310409258,2,2019,4,19565.46263,17833.06189,20217.63469,19458.26464,24800.78171,26016.96997,22952.42836,22118.00421,17072.51452,21427.79741,20562.24693,16783.77126,18402.251516666667
2019-01-01,-0.043227057802991256,0.8238654564452975,61.753182833552245,45.897352989523625,4.358195380642623,2019,0.6416212971903998,2019-01-01 00:00:00,0.6917276310409258,1,2019,1,17808.23003,19565.46263,17833.06189,20217.63469,19458.26464,24800.78171,26016.96997,22952.42836,22118.00421,17072.51452,21427.79741,20562.24693,19493.75087
2018-12-01,-0.5517577633646829,0.17605647201722668,67.26111363115993,44.276271887761794,4.054636264807419,2018,0.23943376934750335,2018-01-01 00:00:00,0.5657938249161388,12,2018,5,21107.55995,17808.23003,19565.46263,17833.06189,20217.63469,19458.26464,24800.78171,26016.96997,22952.42836,22118.00421,17072.51452,21427.79741,19528.89469
2018-11-01,-1.0333043715379862,0.5608033938348986,64.24732183184273,42.49094847847261,5.367232659550407,2018,0.23943376934750335,2018-01-01 00:00:00,0.5657938249161388,11,2018,3,19670.89409,21107.55995,17808.23003,19565.46263,17833.06189,20217.63469,19458.26464,24800.78171,26016.96997,22952.42836,22118.00421,17072.51452,19696.305293333335
2018-10-01,0.41949811871734566,0.12666542246854817,61.79912028679984,46.152178547225965,4.467046890857664,2018,0.23943376934750335,2018-01-01 00:00:00,0.5657938249161388,10,2018,0,18310.46184,19670.89409,21107.55995,17808.23003,19565.46263,17833.06189,20217.63469,19458.26464,24800.78171,26016.96997,22952.42836,22118.00421,20132.058373333333
2018-09-01,-0.3247365171542356,-0.4883343748652288,66.16679368491214,48.266859701568734,4.250531944775431,2018,0.23943376934750335,2018-01-01 00:00:00,0.5657938249161388,9,2018,5,22414.81919,18310.46184,19670.89409,21107.55995,17808.23003,19565.46263,17833.06189,20217.63469,19458.26464,24800.78171,26016.96997,22952.42836,20345.846626666666
2018-08-01,3.06000543459485,0.3900651921201352,62.96827014535299,44.310109228540455,5.182988963052341,2018,0.23943376934750335,2018-01-01 00:00:00,0.5657938249161388,8,2018,2,20312.25885,22414.81919,18310.46184,19670.89409,21107.55995,17808.23003,19565.46263,17833.06189,20217.63469,19458.26464,24800.78171,26016.96997,24200.558766666665
2018-07-01,1.4559283838966894,-0.9518071241671132,59.5095450184426,46.10474613831892,5.576927079642446,2018,0.23943376934750335,2018-01-01 00:00:00,0.5657938249161388,7,2018,6,29874.59826,20312.25885,22414.81919,18310.46184,19670.89409,21107.55995,17808.23003,19565.46263,17833.06189,20217.63469,19458.26464,24800.78171,25176.575856666666
2018-06-01,-0.04631854630545848,-0.16423206762877932,59.744791914597705,46.6623144169258,4.291798094212266,2018,0.23943376934750335,2018-01-01 00:00:00,0.5657938249161388,6,2018,4,25342.87046,29874.59826,20312.25885,22414.81919,18310.46184,19670.89409,21107.55995,17808.23003,19565.46263,17833.06189,20217.63469,19458.26464,25438.764936666663
2018-05-01,-0.478456277484619,0.20711487321743133,63.83274909548698,43.349539377473086,4.211300002673937,2018,0.23943376934750335,2018-01-01 00:00:00,0.5657938249161388,5,2018,1,21098.82609,25342.87046,29874.59826,20312.25885,22414.81919,18310.46184,19670.89409,21107.55995,17808.23003,19565.46263,17833.06189,20217.63469,22106.55898
2018-04-01,-1.005509111764146,-1.0134096073209053,62.85480288067502,48.87306860532304,4.051863171385497,2018,0.23943376934750335,2018-01-01 00:00:00,0.5657938249161388,4,2018,6,19877.98039,21098.82609,25342.87046,29874.59826,20312.25885,22414.81919,18310.46184,19670.89409,21107.55995,17808.23003,19565.46263,17833.06189,19788.597856666664
2018-03-01,0.09896344954172745,-0.4279706654926712,61.6738446636886,45.89943753629437,3.637646382952931,2018,0.23943376934750335,2018-01-01 00:00:00,0.5657938249161388,3,2018,3,18388.98709,19877.98039,21098.82609,25342.87046,29874.59826,20312.25885,22414.81919,18310.46184,19670.89409,21107.55995,17808.23003,19565.46263,19925.41141333333
2018-02-01,-1.154432347612328,-0.13715858126317684,62.43620061390525,47.85879597697577,3.1261262807097703,2018,0.23943376934750335,2018-01-01 00:00:00,0.5657938249161388,2,2018,3,21509.26676,18388.98709,19877.98039,21098.82609,25342.87046,29874.59826,20312.25885,22414.81919,18310.46184,19670.89409,21107.55995,17808.23003,19288.837763333333
2018-01-01,-0.27419349806132415,-0.33777277924665294,62.70077195606832,44.771659597605,5.770978848185351,2018,0.23943376934750335,2018-01-01 00:00:00,0.5657938249161388,1,2018,0,17968.25944,21509.26676,18388.98709,19877.98039,21098.82609,25342.87046,29874.59826,20312.25885,22414.81919,18310.46184,19670.89409,21107.55995,19977.525233333334
2017-12-01,-0.4761542567983845,-0.13920250604011894,62.49227807649167,42.802636956179015,4.38492804074628,2017,-0.15771192875798698,2017-01-01 00:00:00,0.11479991936530995,12,2017,4,20455.0495,17968.25944,21509.26676,18388.98709,19877.98039,21098.82609,25342.87046,29874.59826,20312.25885,22414.81919,18310.46184,19670.89409,19435.930946666667
2017-11-01,-0.6411385956620347,-0.7941685215336857,64.73941545049775,43.379825808403965,3.745141567572319,2017,-0.15771192875798698,2017-01-01 00:00:00,0.11479991936530995,11,2017,2,19884.4839,20455.0495,17968.25944,21509.26676,18388.98709,19877.98039,21098.82609,25342.87046,29874.59826,20312.25885,22414.81919,18310.46184,19919.304976666666
2017-10-01,0.0037526397996432517,-0.19356194082522793,59.46358658962113,40.32210711012298,4.042451921896686,2017,-0.15771192875798698,2017-01-01 00:00:00,0.11479991936530995,10,2017,6,19418.38153,19884.4839,20455.0495,17968.25944,21509.26676,18388.98709,19877.98039,21098.82609,25342.87046,29874.59826,20312.25885,22414.81919,20181.049726666664
2017-09-01,1.0518342726560346,-0.34483952380073785,63.10690386518926,44.1268030743532,4.3217560194332005,2017,-0.15771192875798698,2017-01-01 00:00:00,0.11479991936530995,9,2017,4,21240.28375,19418.38153,19884.4839,20455.0495,17968.25944,21509.26676,18388.98709,19877.98039,21098.82609,25342.87046,29874.59826,20312.25885,21619.972313333332
2017-08-01,1.954070307481547,-0.11286935675858666,59.66162898421271,43.57043006150467,3.817082703585637,2017,-0.15771192875798698,2017-01-01 00:00:00,0.11479991936530995,8,2017,1,24201.25166,21240.28375,19418.38153,19884.4839,20455.0495,17968.25944,21509.26676,18388.98709,19877.98039,21098.82609,25342.87046,29874.59826,24063.907353333332
2017-07-01,1.4992198560664773,-0.4055541673764751,60.95300083501108,42.48331876772751,4.459196274136033,2017,-0.15771192875798698,2017-01-01 00:00:00,0.11479991936530995,7,2017,5,26750.18665,24201.25166,21240.28375,19418.38153,19884.4839,20455.0495,17968.25944,21509.26676,18388.98709,19877.98039,21098.82609,25342.87046,25472.204283333336
2017-06-01,0.7151371812694335,-1.144424221753262,62.39351391574417,46.25009281155905,3.869631731762469,2017,-0.15771192875798698,2017-01-01 00:00:00,0.11479991936530995,6,2017,3,25465.17454,26750.18665,24201.25166,21240.28375,19418.38153,19884.4839,20455.0495,17968.25944,21509.26676,18388.98709,19877.98039,21098.82609,25155.133153333332
2017-05-01,-0.41719827915164215,-0.7149781153724655,63.29087392786058,43.95039021875712,3.46482772344185,2017,-0.15771192875798698,2017-01-01 00:00:00,0.11479991936530995,5,2017,0,23250.03827,25465.17454,26750.18665,24201.25166,21240.28375,19418.38153,19884.4839,20455.0495,17968.25944,21509.26676,18388.98709,19877.98039,22922.085023333333
2017-04-01,-0.9546343133659646,-0.13943096378083578,62.308257099898,41.563824305102045,3.901578826651428,2017,-0.15771192875798698,2017-01-01 00:00:00,0.11479991936530995,4,2017,5,20051.04226,23250.03827,25465.17454,26750.18665,24201.25166,21240.28375,19418.38153,19884.4839,20455.0495,17968.25944,21509.26676,18388.98709,20611.265196666664
2017-03-01,-0.5503974087468035,-0.9615960318936397,62.306116884685146,42.06828526085917,4.015769580155234,2017,-0.15771192875798698,2017-01-01 00:00:00,0.11479991936530995,3,2017,2,18532.71506,20051.04226,23250.03827,25465.17454,26750.18665,24201.25166,21240.28375,19418.38153,19884.4839,20455.0495,17968.25944,21509.26676,19419.498196666664
2017-02-01,-1.1069044665800432,-0.5238798414245474,62.49333710813259,43.719521401968,4.166731257261308,2017,-0.15771192875798698,2017-01-01 00:00:00,0.11479991936530995,2,2017,2,19674.73727,18532.71506,20051.04226,23250.03827,25465.17454,26750.18665,24201.25166,21240.28375,19418.38153,19884.4839,20455.0495,17968.25944,18769.994753333332
2017-01-01,-0.1885122712000905,-1.422203766709293,64.10260203659405,40.12197541271124,4.843655288868964,2017,-0.15771192875798698,2017-01-01 00:00:00,0.11479991936530995,1,2017,6,18102.53193,19674.73727,18532.71506,20051.04226,23250.03827,25465.17454,26750.18665,24201.25166,21240.28375,19418.38153,19884.4839,20455.0495,19491.459796666666
2016-12-01,-0.16741496632096783,0.11098656663843401,59.62229167030643,46.30856274426024,4.254193544854705,2016,-0.5779432941145165,2016-01-01 00:00:00,-0.20166249869923622,12,2016,3,20697.11019,18102.53193,19674.73727,18532.71506,20051.04226,23250.03827,25465.17454,26750.18665,24201.25166,21240.28375,19418.38153,19884.4839,19852.118319999998
2016-11-01,-0.5268260805379417,-1.19069018710297,62.04775254729093,45.17064333301471,3.921759528337696,2016,-0.5779432941145165,2016-01-01 00:00:00,-0.20166249869923622,11,2016,1,20756.71284,20697.11019,18102.53193,19674.73727,18532.71506,20051.04226,23250.03827,25465.17454,26750.18665,24201.25166,21240.28375,19418.38153,20398.384130000002
2016-10-01,0.06305270060589221,-0.6683482062391228,65.2984598493707,43.95751585881244,4.188492905556169,2016,-0.5779432941145165,2016-01-01 00:00:00,-0.20166249869923622,10,2016,5,19741.32936,20756.71284,20697.11019,18102.53193,19674.73727,18532.71506,20051.04226,23250.03827,25465.17454,26750.18665,24201.25166,21240.28375,20635.285463333334
2016-09-01,1.0479193179138813,-0.7142389209952286,60.60455136454987,42.26270113371287,4.503869212292649,2016,-0.5779432941145165,2016-01-01 00:00:00,-0.20166249869923622,9,2016,3,21407.81419,19741.32936,20756.71284,20697.11019,18102.53193,19674.73727,18532.71506,20051.04226,23250.03827,25465.17454,26750.18665,24201.25166,21779.778316666667
2016-08-01,2.0481683121885346,0.86321461481541,62.78787446875907,44.21851179093906,4.624870715579411,2016,-0.5779432941145165,2016-01-01 00:00:00,-0.20166249869923622,8,2016,0,24190.1914,21407.81419,19741.32936,20756.71284,20697.11019,18102.53193,19674.73727,18532.71506,20051.04226,23250.03827,25465.17454,26750.18665,24204.677143333334
2016-07-01,0.9451292100751987,-1.4814264321294632,62.646305426347,43.31543780999897,4.402617958199295,2016,-0.5779432941145165,2016-01-01 00:00:00,-0.20166249869923622,7,2016,4,27016.02584,24190.1914,21407.81419,19741.32936,20756.71284,20697.11019,18102.53193,19674.73727,18532.71506,20051.04226,23250.03827,25465.17454,25035.33770666666
2016-06-01,0.39947587195112294,-1.2979015710214494,62.75034922339257,45.77230311888493,5.112278818071614,2016,-0.5779432941145165,2016-01-01 00:00:00,-0.20166249869923622,6,2016,2,23899.79588,27016.02584,24190.1914,21407.81419,19741.32936,20756.71284,20697.11019,18102.53193,19674.73727,18532.71506,20051.04226,23250.03827,24424.691813333335
2016-05-01,-0.651123099040609,-1.0597442933314853,60.51758890305504,39.6055965897066,4.113228185131487,2016,-0.5779432941145165,2016-01-01 00:00:00,-0.20166249869923622,5,2016,6,22358.25372,23899.79588,27016.02584,24190.1914,21407.81419,19741.32936,20756.71284,20697.11019,18102.53193,19674.73727,18532.71506,20051.04226,21882.7412
2016-04-01,-0.7369148977656461,-0.5813010136098697,63.97233095849004,45.405538999426,3.5912263825482955,2016,-0.5779432941145165,2016-01-01 00:00:00,-0.20166249869923622,4,2016,4,19390.174,22358.25372,23899.79588,27016.02584,24190.1914,21407.81419,19741.32936,20756.71284,20697.11019,18102.53193,19674.73727,18532.71506,20298.742883333336
2016-03-01,-0.35566060883162853,-0.6358124798723914,61.34520750252246,45.868624058267685,5.562811018231687,2016,-0.5779432941145165,2016-01-01 00:00:00,-0.20166249869923622,3,2016,1,19147.80093,19390.174,22358.25372,23899.79588,27016.02584,24190.1914,21407.81419,19741.32936,20756.71284,20697.11019,18102.53193,19674.73727,19587.623056666667
2016-02-01,-0.9319353836410165,0.3833958987629122,62.321915761007,47.11089082207787,4.416508984883566,2016,-0.5779432941145165,2016-01-01 00:00:00,-0.20166249869923622,2,2016,0,20224.89424,19147.80093,19390.174,22358.25372,23899.79588,27016.02584,24190.1914,21407.81419,19741.32936,20756.71284,20697.11019,18102.53193,19323.179226666667
2016-01-01,-0.39392226114270423,0.40129036594750184,61.84051527047497,43.5472907983725,4.420001325800277,2016,-0.5779432941145165,2016-01-01 00:00:00,-0.20166249869923622,1,2016,4,18596.84251,20224.89424,19147.80093,19390.174,22358.25372,23899.79588,27016.02584,24190.1914,21407.81419,19741.32936,20756.71284,20697.11019,19646.178936666667
2015-12-01,0.11319511880610789,-0.28724571050649533,62.21497920583966,46.063694579701,3.38726299329271,2015,-0.8575213491251638,2015-01-01 00:00:00,-0.6204003814701996,12,2015,1,20116.80006,18596.84251,20224.89424,19147.80093,19390.174,22358.25372,23899.79588,27016.02584,24190.1914,21407.81419,19741.32936,20756.71284,20087.70522
2015-11-01,-0.4762599226949935,-0.6105425600787485,61.75317567429936,43.9846752063232,4.60185900241546,2015,-0.8575213491251638,2015-01-01 00:00:00,-0.6204003814701996,11,2015,6,21549.47309,20116.80006,18596.84251,20224.89424,19147.80093,19390.174,22358.25372,23899.79588,27016.02584,24190.1914,21407.81419,19741.32936,20516.81951
2015-10-01,1.0971674236021143,-1.6574334202328391,59.03534533583345,45.22148907180772,3.8008252363547808,2015,-0.8575213491251638,2015-01-01 00:00:00,-0.6204003814701996,10,2015,3,19884.18538,21549.47309,20116.80006,18596.84251,20224.89424,19147.80093,19390.174,22358.25372,23899.79588,27016.02584,24190.1914,21407.81419,21920.994073333335
2015-09-01,1.5273530860089544,-0.9566716331317787,64.51340784784468,42.34539578917271,3.942769621346248,2015,-0.8575213491251638,2015-01-01 00:00:00,-0.6204003814701996,9,2015,1,24329.32375,19884.18538,21549.47309,20116.80006,18596.84251,20224.89424,19147.80093,19390.174,22358.25372,23899.79588,27016.02584,24190.1914,23252.721243333333
2015-08-01,1.1760514435338953,-0.1450344246319176,63.55477705513002,41.973408328348725,4.536495032644876,2015,-0.8575213491251638,2015-01-01 00:00:00,-0.6204003814701996,8,2015,5,25544.6546,24329.32375,19884.18538,21549.47309,20116.80006,18596.84251,20224.89424,19147.80093,19390.174,22358.25372,23899.79588,27016.02584,24808.719930000003
2015-07-01,1.4022981238919578,-0.9292741206052028,62.08682917028127,43.85595567838071,4.92877588201462,2015,-0.8575213491251638,2015-01-01 00:00:00,-0.6204003814701996,7,2015,2,24552.18144,25544.6546,24329.32375,19884.18538,21549.47309,20116.80006,18596.84251,20224.89424,19147.80093,19390.174,22358.25372,23899.79588,25096.064663333334
2015-06-01,0.30501847506001345,-0.0865657873791189,61.11431606126654,42.17747694187825,4.284689168395429,2015,-0.8575213491251638,2015-01-01 00:00:00,-0.6204003814701996,6,2015,0,25191.35795,24552.18144,25544.6546,24329.32375,19884.18538,21549.47309,20116.80006,18596.84251,20224.89424,19147.80093,19390.174,22358.25372,23944.97953
2015-05-01,-0.6329238721635986,-0.045905048047023354,60.38809227598985,44.39875904913557,4.360893366833243,2015,-0.8575213491251638,2015-01-01 00:00:00,-0.6204003814701996,5,2015,4,22091.3992,25191.35795,24552.18144,25544.6546,24329.32375,19884.18538,21549.47309,20116.80006,18596.84251,20224.89424,19147.80093,19390.174,22241.448783333337
2015-04-01,-0.4283463108769293,-1.1486246902577932,56.33358638597037,43.275343620046215,3.150382712464766,2015,-0.8575213491251638,2015-01-01 00:00:00,-0.6204003814701996,4,2015,2,19441.5892,22091.3992,25191.35795,24552.18144,25544.6546,24329.32375,19884.18538,21549.47309,20116.80006,18596.84251,20224.89424,19147.80093,20517.512003333333
2015-03-01,-0.4689507855220431,-0.9992783878435484,59.89000532494967,42.3319886397029,4.159743628484578,2015,-0.8575213491251638,2015-01-01 00:00:00,-0.6204003814701996,3,2015,6,20019.54761,19441.5892,22091.3992,25191.35795,24552.18144,25544.6546,24329.32375,19884.18538,21549.47309,20116.80006,18596.84251,20224.89424,19788.657153333334
2015-02-01,-1.0634751990300784,-1.9610527691766142,60.96856902076707,43.646093069463575,3.745888739491503,2015,-0.8575213491251638,2015-01-01 00:00:00,-0.6204003814701996,2,2015,6,19904.83465,20019.54761,19441.5892,22091.3992,25191.35795,24552.18144,25544.6546,24329.32375,19884.18538,21549.47309,20116.80006,18596.84251,19383.202520000003
2015-01-01,-0.2807010511657282,0.4265918775281297,58.400767026975934,43.0655620406526,4.375868157441852,2015,-0.8575213491251638,2015-01-01 00:00:00,-0.6204003814701996,1,2015,3,18225.2253,19904.83465,20019.54761,19441.5892,22091.3992,25191.35795,24552.18144,25544.6546,24329.32375,19884.18538,21549.47309,20116.80006,19522.241586666667
2014-12-01,0.031221486391061377,-1.504439678560985,61.28888329660244,44.03421545931325,4.81874437350507,2014,-1.2794258912500212,2014-01-01 00:00:00,-1.2093752560737028,12,2014,0,20436.66481,18225.2253,19904.83465,20019.54761,19441.5892,22091.3992,25191.35795,24552.18144,25544.6546,24329.32375,19884.18538,21549.47309,19993.25898333333
2014-11-01,-0.9069532642150255,-0.47439969783701763,60.22221236312592,44.92123343699397,3.921098556044084,2014,-1.2794258912500212,2014-01-01 00:00:00,-1.2093752560737028,11,2014,5,21317.88684,20436.66481,18225.2253,19904.83465,20019.54761,19441.5892,22091.3992,25191.35795,24552.18144,25544.6546,24329.32375,19884.18538,20140.657306666664
2014-10-01,1.0528562748221197,-0.6095611539333504,61.38129695627619,45.82992947495776,4.1618305908633575,2014,-1.2794258912500212,2014-01-01 00:00:00,-1.2093752560737028,10,2014,2,18667.42027,21317.88684,20436.66481,18225.2253,19904.83465,20019.54761,19441.5892,22091.3992,25191.35795,24552.18144,25544.6546,24329.32375,21396.48202
2014-09-01,1.5239002018754448,-2.6654134877486757,62.34973654295744,41.85145174430429,4.71084695034031,2014,-1.2794258912500212,2014-01-01 00:00:00,-1.2093752560737028,9,2014,0,24204.13895,18667.42027,21317.88684,20436.66481,18225.2253,19904.83465,20019.54761,19441.5892,22091.3992,25191.35795,24552.18144,25544.6546,22802.152990000002
2014-08-01,1.433433738504148,-1.5762018023230964,58.525249866901554,41.7306000055429,3.8458423862872673,2014,-1.2794258912500212,2014-01-01 00:00:00,-1.2093752560737028,8,2014,4,25534.89975,24204.13895,18667.42027,21317.88684,20436.66481,18225.2253,19904.83465,20019.54761,19441.5892,22091.3992,25191.35795,24552.18144,25006.119613333332
2014-07-01,1.55953772100339,-0.8278984935718053,59.49799496538925,43.10085113975913,4.022946662852493,2014,-1.2794258912500212,2014-01-01 00:00:00,-1.2093752560737028,7,2014,1,25279.32014,25534.89975,24204.13895,18667.42027,21317.88684,20436.66481,18225.2253,19904.83465,20019.54761,19441.5892,22091.3992,25191.35795,25483.266766666668
2014-06-01,0.4955434985987729,-1.1601486232414242,55.23692472255647,42.64171315974403,4.216569106919781,2014,-1.2794258912500212,2014-01-01 00:00:00,-1.2093752560737028,6,2014,6,25635.58041,25279.32014,25534.89975,24204.13895,18667.42027,21317.88684,20436.66481,18225.2253,19904.83465,20019.54761,19441.5892,22091.3992,24514.852633333332
2014-05-01,-0.18302636629588576,-0.0707168633366634,61.322179353309046,48.48466920219903,3.537990946001594,2014,-1.2794258912500212,2014-01-01 00:00:00,-1.2093752560737028,5,2014,3,22629.65735,25635.58041,25279.32014,25534.89975,24204.13895,18667.42027,21317.88684,20436.66481,18225.2253,19904.83465,20019.54761,19441.5892,22992.61545
2014-04-01,-0.48941917089233306,-0.8146869709435696,61.85462976273534,44.20871136738018,5.732302492647531,2014,-1.2794258912500212,2014-01-01 00:00:00,-1.2093752560737028,4,2014,1,20712.60859,22629.65735,25635.58041,25279.32014,25534.89975,24204.13895,18667.42027,21317.88684,20436.66481,18225.2253,19904.83465,20019.54761,21063.091573333335
2014-03-01,-0.7912639456782806,-0.7440415758054039,62.84292610261945,43.76560533790573,3.5748597997694973,2014,-1.2794258912500212,2014-01-01 00:00:00,-1.2093752560737028,3,2014,5,19847.00878,20712.60859,22629.65735,25635.58041,25279.32014,25534.89975,24204.13895,18667.42027,21317.88684,20436.66481,18225.2253,19904.83465,19851.291706666667
2014-02-01,-0.8855104603128491,-0.9506060549547117,60.57237419068339,44.24871286726,4.189087829665417,2014,-1.2794258912500212,2014-01-01 00:00:00,-1.2093752560737028,2,2014,5,18994.25775,19847.00878,20712.60859,22629.65735,25635.58041,25279.32014,25534.89975,24204.13895,18667.42027,21317.88684,20436.66481,18225.2253,19189.755176666666
2014-01-01,-0.06926186469781762,-0.540691544620492,57.982663203804144,44.026609457083374,4.638380423274067,2014,-1.2794258912500212,2014-01-01 00:00:00,-1.2093752560737028,1,2014,2,18727.999,18994.25775,19847.00878,20712.60859,22629.65735,25635.58041,25279.32014,25534.89975,24204.13895,18667.42027,21317.88684,20436.66481,19585.421653333335
2013-12-01,0.040139851597091325,-0.09623739957437434,62.215899885891865,44.126482953530925,3.732945366397906,2013,-1.5971582751380704,2013-01-01 00:00:00,-1.787983768809371,12,2013,6,21034.00821,18727.999,18994.25775,19847.00878,20712.60859,22629.65735,25635.58041,25279.32014,25534.89975,24204.13895,18667.42027,21317.88684,20368.363199999996
2013-11-01,-0.7914415905380258,-0.9362649071061953,58.52503706534488,44.0764360350279,4.840242646923996,2013,-1.5971582751380704,2013-01-01 00:00:00,-1.787983768809371,11,2013,4,21343.08239,21034.00821,18727.999,18994.25775,19847.00878,20712.60859,22629.65735,25635.58041,25279.32014,25534.89975,24204.13895,18667.42027,20456.948826666667
2013-10-01,0.3264009950319622,-0.7653685873054563,60.80756238885323,48.21143092609326,3.93883896887446,2013,-1.5971582751380704,2013-01-01 00:00:00,-1.787983768809371,10,2013,1,18993.75588,21343.08239,21034.00821,18727.999,18994.25775,19847.00878,20712.60859,22629.65735,25635.58041,25279.32014,25534.89975,24204.13895,20829.54863
2013-09-01,1.0858098334527024,-1.0947922244762864,63.52068500317609,39.19894905286002,3.860879019056636,2013,-1.5971582751380704,2013-01-01 00:00:00,-1.787983768809371,9,2013,6,22151.80762,18993.75588,21343.08239,21034.00821,18727.999,18994.25775,19847.00878,20712.60859,22629.65735,25635.58041,25279.32014,25534.89975,21814.26685666667
2013-08-01,1.3867447849414962,-1.125655161221886,60.70755893233577,42.80096645077648,4.724167462492409,2013,-1.5971582751380704,2013-01-01 00:00:00,-1.787983768809371,8,2013,3,24297.23707,22151.80762,18993.75588,21343.08239,21034.00821,18727.999,18994.25775,19847.00878,20712.60859,22629.65735,25635.58041,25279.32014,23865.48747333333
2013-07-01,1.559337687801288,-0.41948550469076307,60.073958828938096,43.68482750573597,4.172951551545578,2013,-1.5971582751380704,2013-01-01 00:00:00,-1.787983768809371,7,2013,0,25147.41773,24297.23707,22151.80762,18993.75588,21343.08239,21034.00821,18727.999,18994.25775,19847.00878,20712.60859,22629.65735,25635.58041,25026.556696666667
2013-06-01,0.26603921000778114,-1.655177548252791,59.24067351341838,42.5238649978881,4.8564779669994325,2013,-1.5971582751380704,2013-01-01 00:00:00,-1.787983768809371,6,2013,5,25635.01529,25147.41773,24297.23707,22151.80762,18993.75588,21343.08239,21034.00821,18727.999,18994.25775,19847.00878,20712.60859,22629.65735,24254.570229999998
2013-05-01,0.03462554093044933,0.16873161450987342,59.27714277291548,42.718329383233616,4.329140867400684,2013,-1.5971582751380704,2013-01-01 00:00:00,-1.787983768809371,5,2013,2,21981.27767,25635.01529,25147.41773,24297.23707,22151.80762,18993.75588,21343.08239,21034.00821,18727.999,18994.25775,19847.00878,20712.60859,22981.265566666665
2013-04-01,-0.6516477154214984,0.40808795690744487,56.02086642806404,42.82490735682581,4.612633451627089,2013,-1.5971582751380704,2013-01-01 00:00:00,-1.787983768809371,4,2013,0,21327.50374,21981.27767,25635.01529,25147.41773,24297.23707,22151.80762,18993.75588,21343.08239,21034.00821,18727.999,18994.25775,19847.00878,20899.157766666667
2013-03-01,-0.49655230914691284,-0.40111741268753764,61.89654611545169,44.91977909874678,4.319978608254944,2013,-1.5971582751380704,2013-01-01 00:00:00,-1.787983768809371,3,2013,4,19388.69189,21327.50374,21981.27767,25635.01529,25147.41773,24297.23707,22151.80762,18993.75588,21343.08239,21034.00821,18727.999,18994.25775,20181.017453333334
2013-02-01,-0.7140047388975873,-0.7720628121695929,59.19356526588906,43.06721314227283,4.616104503409868,2013,-1.5971582751380704,2013-01-01 00:00:00,-1.787983768809371,2,2013,4,19826.85673,19388.69189,21327.50374,21981.27767,25635.01529,25147.41773,24297.23707,22151.80762,18993.75588,21343.08239,21034.00821,18727.999,19476.024583333336
2013-01-01,0.2823252441858474,0.10237105754037444,57.52397091716671,40.29953457486228,4.0547864185680105,2013,-1.5971582751380704,2013-01-01 00:00:00,-1.787983768809371,1,2013,1,19212.52513,19826.85673,19388.69189,21327.50374,21981.27767,25635.01529,25147.41773,24297.23707,22151.80762,18993.75588,21343.08239,21034.00821,20355.55657
